[
  {
    "id": "p1",
    "title": "Home & Kitchen Product #1",
    "category": "Home & Kitchen",
    "price": 2603,
    "img": "https://picsum.photos/seed/p1/480/320",
    "deal": false
  },
  {
    "id": "p2",
    "title": "Tools Product #2",
    "category": "Tools",
    "price": 1075,
    "img": "https://picsum.photos/seed/p2/480/320",
    "deal": false
  },
  {
    "id": "p3",
    "title": "Books Product #3",
    "category": "Books",
    "price": 250,
    "img": "https://picsum.photos/seed/p3/480/320",
    "deal": true
  },
  {
    "id": "p4",
    "title": "Fashion Product #4",
    "category": "Fashion",
    "price": 242,
    "img": "https://picsum.photos/seed/p4/480/320",
    "deal": false
  },
  {
    "id": "p5",
    "title": "Sports Product #5",
    "category": "Sports",
    "price": 4257,
    "img": "https://picsum.photos/seed/p5/480/320",
    "deal": false
  },
  {
    "id": "p6",
    "title": "Beauty Product #6",
    "category": "Beauty",
    "price": 4797,
    "img": "https://picsum.photos/seed/p6/480/320",
    "deal": false
  },
  {
    "id": "p7",
    "title": "Electronics Product #7",
    "category": "Electronics",
    "price": 408,
    "img": "https://picsum.photos/seed/p7/480/320",
    "deal": false
  },
  {
    "id": "p8",
    "title": "Home & Kitchen Product #8",
    "category": "Home & Kitchen",
    "price": 199,
    "img": "https://picsum.photos/seed/p8/480/320",
    "deal": true
  },
  {
    "id": "p9",
    "title": "Tools Product #9",
    "category": "Tools",
    "price": 4494,
    "img": "https://picsum.photos/seed/p9/480/320",
    "deal": false
  },
  {
    "id": "p10",
    "title": "Books Product #10",
    "category": "Books",
    "price": 4320,
    "img": "https://picsum.photos/seed/p10/480/320",
    "deal": false
  },
  {
    "id": "p11",
    "title": "Fashion Product #11",
    "category": "Fashion",
    "price": 4175,
    "img": "https://picsum.photos/seed/p11/480/320",
    "deal": false
  },
  {
    "id": "p12",
    "title": "Sports Product #12",
    "category": "Sports",
    "price": 266,
    "img": "https://picsum.photos/seed/p12/480/320",
    "deal": false
  },
  {
    "id": "p13",
    "title": "Beauty Product #13",
    "category": "Beauty",
    "price": 1285,
    "img": "https://picsum.photos/seed/p13/480/320",
    "deal": false
  },
  {
    "id": "p14",
    "title": "Electronics Product #14",
    "category": "Electronics",
    "price": 2737,
    "img": "https://picsum.photos/seed/p14/480/320",
    "deal": false
  },
  {
    "id": "p15",
    "title": "Home & Kitchen Product #15",
    "category": "Home & Kitchen",
    "price": 3450,
    "img": "https://picsum.photos/seed/p15/480/320",
    "deal": false
  },
  {
    "id": "p16",
    "title": "Tools Product #16",
    "category": "Tools",
    "price": 2776,
    "img": "https://picsum.photos/seed/p16/480/320",
    "deal": false
  },
  {
    "id": "p17",
    "title": "Books Product #17",
    "category": "Books",
    "price": 2071,
    "img": "https://picsum.photos/seed/p17/480/320",
    "deal": false
  },
  {
    "id": "p18",
    "title": "Fashion Product #18",
    "category": "Fashion",
    "price": 3529,
    "img": "https://picsum.photos/seed/p18/480/320",
    "deal": true
  },
  {
    "id": "p19",
    "title": "Sports Product #19",
    "category": "Sports",
    "price": 2220,
    "img": "https://picsum.photos/seed/p19/480/320",
    "deal": true
  },
  {
    "id": "p20",
    "title": "Beauty Product #20",
    "category": "Beauty",
    "price": 1764,
    "img": "https://picsum.photos/seed/p20/480/320",
    "deal": false
  },
  {
    "id": "p21",
    "title": "Electronics Product #21",
    "category": "Electronics",
    "price": 3794,
    "img": "https://picsum.photos/seed/p21/480/320",
    "deal": false
  },
  {
    "id": "p22",
    "title": "Home & Kitchen Product #22",
    "category": "Home & Kitchen",
    "price": 2645,
    "img": "https://picsum.photos/seed/p22/480/320",
    "deal": false
  },
  {
    "id": "p23",
    "title": "Tools Product #23",
    "category": "Tools",
    "price": 3148,
    "img": "https://picsum.photos/seed/p23/480/320",
    "deal": false
  },
  {
    "id": "p24",
    "title": "Books Product #24",
    "category": "Books",
    "price": 1505,
    "img": "https://picsum.photos/seed/p24/480/320",
    "deal": false
  },
  {
    "id": "p25",
    "title": "Fashion Product #25",
    "category": "Fashion",
    "price": 3025,
    "img": "https://picsum.photos/seed/p25/480/320",
    "deal": false
  },
  {
    "id": "p26",
    "title": "Sports Product #26",
    "category": "Sports",
    "price": 996,
    "img": "https://picsum.photos/seed/p26/480/320",
    "deal": false
  },
  {
    "id": "p27",
    "title": "Beauty Product #27",
    "category": "Beauty",
    "price": 158,
    "img": "https://picsum.photos/seed/p27/480/320",
    "deal": false
  },
  {
    "id": "p28",
    "title": "Electronics Product #28",
    "category": "Electronics",
    "price": 640,
    "img": "https://picsum.photos/seed/p28/480/320",
    "deal": false
  },
  {
    "id": "p29",
    "title": "Home & Kitchen Product #29",
    "category": "Home & Kitchen",
    "price": 4860,
    "img": "https://picsum.photos/seed/p29/480/320",
    "deal": false
  },
  {
    "id": "p30",
    "title": "Tools Product #30",
    "category": "Tools",
    "price": 1820,
    "img": "https://picsum.photos/seed/p30/480/320",
    "deal": false
  },
  {
    "id": "p31",
    "title": "Books Product #31",
    "category": "Books",
    "price": 2141,
    "img": "https://picsum.photos/seed/p31/480/320",
    "deal": true
  },
  {
    "id": "p32",
    "title": "Fashion Product #32",
    "category": "Fashion",
    "price": 1734,
    "img": "https://picsum.photos/seed/p32/480/320",
    "deal": true
  },
  {
    "id": "p33",
    "title": "Sports Product #33",
    "category": "Sports",
    "price": 688,
    "img": "https://picsum.photos/seed/p33/480/320",
    "deal": true
  },
  {
    "id": "p34",
    "title": "Beauty Product #34",
    "category": "Beauty",
    "price": 433,
    "img": "https://picsum.photos/seed/p34/480/320",
    "deal": false
  },
  {
    "id": "p35",
    "title": "Electronics Product #35",
    "category": "Electronics",
    "price": 1337,
    "img": "https://picsum.photos/seed/p35/480/320",
    "deal": false
  },
  {
    "id": "p36",
    "title": "Home & Kitchen Product #36",
    "category": "Home & Kitchen",
    "price": 489,
    "img": "https://picsum.photos/seed/p36/480/320",
    "deal": false
  },
  {
    "id": "p37",
    "title": "Tools Product #37",
    "category": "Tools",
    "price": 518,
    "img": "https://picsum.photos/seed/p37/480/320",
    "deal": false
  },
  {
    "id": "p38",
    "title": "Books Product #38",
    "category": "Books",
    "price": 3456,
    "img": "https://picsum.photos/seed/p38/480/320",
    "deal": false
  },
  {
    "id": "p39",
    "title": "Fashion Product #39",
    "category": "Fashion",
    "price": 3954,
    "img": "https://picsum.photos/seed/p39/480/320",
    "deal": false
  },
  {
    "id": "p40",
    "title": "Sports Product #40",
    "category": "Sports",
    "price": 5002,
    "img": "https://picsum.photos/seed/p40/480/320",
    "deal": false
  },
  {
    "id": "p41",
    "title": "Beauty Product #41",
    "category": "Beauty",
    "price": 3435,
    "img": "https://picsum.photos/seed/p41/480/320",
    "deal": false
  },
  {
    "id": "p42",
    "title": "Electronics Product #42",
    "category": "Electronics",
    "price": 2915,
    "img": "https://picsum.photos/seed/p42/480/320",
    "deal": false
  },
  {
    "id": "p43",
    "title": "Home & Kitchen Product #43",
    "category": "Home & Kitchen",
    "price": 1472,
    "img": "https://picsum.photos/seed/p43/480/320",
    "deal": false
  },
  {
    "id": "p44",
    "title": "Tools Product #44",
    "category": "Tools",
    "price": 2865,
    "img": "https://picsum.photos/seed/p44/480/320",
    "deal": false
  },
  {
    "id": "p45",
    "title": "Books Product #45",
    "category": "Books",
    "price": 2327,
    "img": "https://picsum.photos/seed/p45/480/320",
    "deal": false
  },
  {
    "id": "p46",
    "title": "Fashion Product #46",
    "category": "Fashion",
    "price": 2523,
    "img": "https://picsum.photos/seed/p46/480/320",
    "deal": false
  },
  {
    "id": "p47",
    "title": "Sports Product #47",
    "category": "Sports",
    "price": 2508,
    "img": "https://picsum.photos/seed/p47/480/320",
    "deal": false
  },
  {
    "id": "p48",
    "title": "Beauty Product #48",
    "category": "Beauty",
    "price": 1316,
    "img": "https://picsum.photos/seed/p48/480/320",
    "deal": false
  },
  {
    "id": "p49",
    "title": "Electronics Product #49",
    "category": "Electronics",
    "price": 671,
    "img": "https://picsum.photos/seed/p49/480/320",
    "deal": false
  },
  {
    "id": "p50",
    "title": "Home & Kitchen Product #50",
    "category": "Home & Kitchen",
    "price": 2119,
    "img": "https://picsum.photos/seed/p50/480/320",
    "deal": false
  },
  {
    "id": "p51",
    "title": "Tools Product #51",
    "category": "Tools",
    "price": 4080,
    "img": "https://picsum.photos/seed/p51/480/320",
    "deal": false
  },
  {
    "id": "p52",
    "title": "Books Product #52",
    "category": "Books",
    "price": 2330,
    "img": "https://picsum.photos/seed/p52/480/320",
    "deal": false
  },
  {
    "id": "p53",
    "title": "Fashion Product #53",
    "category": "Fashion",
    "price": 645,
    "img": "https://picsum.photos/seed/p53/480/320",
    "deal": false
  },
  {
    "id": "p54",
    "title": "Sports Product #54",
    "category": "Sports",
    "price": 1367,
    "img": "https://picsum.photos/seed/p54/480/320",
    "deal": false
  },
  {
    "id": "p55",
    "title": "Beauty Product #55",
    "category": "Beauty",
    "price": 2530,
    "img": "https://picsum.photos/seed/p55/480/320",
    "deal": false
  },
  {
    "id": "p56",
    "title": "Electronics Product #56",
    "category": "Electronics",
    "price": 4397,
    "img": "https://picsum.photos/seed/p56/480/320",
    "deal": false
  },
  {
    "id": "p57",
    "title": "Home & Kitchen Product #57",
    "category": "Home & Kitchen",
    "price": 3884,
    "img": "https://picsum.photos/seed/p57/480/320",
    "deal": false
  },
  {
    "id": "p58",
    "title": "Tools Product #58",
    "category": "Tools",
    "price": 4072,
    "img": "https://picsum.photos/seed/p58/480/320",
    "deal": false
  },
  {
    "id": "p59",
    "title": "Books Product #59",
    "category": "Books",
    "price": 280,
    "img": "https://picsum.photos/seed/p59/480/320",
    "deal": false
  },
  {
    "id": "p60",
    "title": "Fashion Product #60",
    "category": "Fashion",
    "price": 1898,
    "img": "https://picsum.photos/seed/p60/480/320",
    "deal": false
  },
  {
    "id": "p61",
    "title": "Sports Product #61",
    "category": "Sports",
    "price": 633,
    "img": "https://picsum.photos/seed/p61/480/320",
    "deal": true
  },
  {
    "id": "p62",
    "title": "Beauty Product #62",
    "category": "Beauty",
    "price": 237,
    "img": "https://picsum.photos/seed/p62/480/320",
    "deal": false
  },
  {
    "id": "p63",
    "title": "Electronics Product #63",
    "category": "Electronics",
    "price": 2803,
    "img": "https://picsum.photos/seed/p63/480/320",
    "deal": false
  },
  {
    "id": "p64",
    "title": "Home & Kitchen Product #64",
    "category": "Home & Kitchen",
    "price": 765,
    "img": "https://picsum.photos/seed/p64/480/320",
    "deal": false
  },
  {
    "id": "p65",
    "title": "Tools Product #65",
    "category": "Tools",
    "price": 373,
    "img": "https://picsum.photos/seed/p65/480/320",
    "deal": false
  },
  {
    "id": "p66",
    "title": "Books Product #66",
    "category": "Books",
    "price": 1198,
    "img": "https://picsum.photos/seed/p66/480/320",
    "deal": false
  },
  {
    "id": "p67",
    "title": "Fashion Product #67",
    "category": "Fashion",
    "price": 4069,
    "img": "https://picsum.photos/seed/p67/480/320",
    "deal": false
  },
  {
    "id": "p68",
    "title": "Sports Product #68",
    "category": "Sports",
    "price": 2416,
    "img": "https://picsum.photos/seed/p68/480/320",
    "deal": false
  },
  {
    "id": "p69",
    "title": "Beauty Product #69",
    "category": "Beauty",
    "price": 2033,
    "img": "https://picsum.photos/seed/p69/480/320",
    "deal": true
  },
  {
    "id": "p70",
    "title": "Electronics Product #70",
    "category": "Electronics",
    "price": 1109,
    "img": "https://picsum.photos/seed/p70/480/320",
    "deal": false
  },
  {
    "id": "p71",
    "title": "Home & Kitchen Product #71",
    "category": "Home & Kitchen",
    "price": 417,
    "img": "https://picsum.photos/seed/p71/480/320",
    "deal": true
  },
  {
    "id": "p72",
    "title": "Tools Product #72",
    "category": "Tools",
    "price": 3555,
    "img": "https://picsum.photos/seed/p72/480/320",
    "deal": false
  },
  {
    "id": "p73",
    "title": "Books Product #73",
    "category": "Books",
    "price": 3981,
    "img": "https://picsum.photos/seed/p73/480/320",
    "deal": true
  },
  {
    "id": "p74",
    "title": "Fashion Product #74",
    "category": "Fashion",
    "price": 3299,
    "img": "https://picsum.photos/seed/p74/480/320",
    "deal": false
  },
  {
    "id": "p75",
    "title": "Sports Product #75",
    "category": "Sports",
    "price": 5074,
    "img": "https://picsum.photos/seed/p75/480/320",
    "deal": false
  },
  {
    "id": "p76",
    "title": "Beauty Product #76",
    "category": "Beauty",
    "price": 3395,
    "img": "https://picsum.photos/seed/p76/480/320",
    "deal": false
  },
  {
    "id": "p77",
    "title": "Electronics Product #77",
    "category": "Electronics",
    "price": 1780,
    "img": "https://picsum.photos/seed/p77/480/320",
    "deal": false
  },
  {
    "id": "p78",
    "title": "Home & Kitchen Product #78",
    "category": "Home & Kitchen",
    "price": 1373,
    "img": "https://picsum.photos/seed/p78/480/320",
    "deal": false
  },
  {
    "id": "p79",
    "title": "Tools Product #79",
    "category": "Tools",
    "price": 4754,
    "img": "https://picsum.photos/seed/p79/480/320",
    "deal": false
  },
  {
    "id": "p80",
    "title": "Books Product #80",
    "category": "Books",
    "price": 3276,
    "img": "https://picsum.photos/seed/p80/480/320",
    "deal": false
  },
  {
    "id": "p81",
    "title": "Fashion Product #81",
    "category": "Fashion",
    "price": 1727,
    "img": "https://picsum.photos/seed/p81/480/320",
    "deal": false
  },
  {
    "id": "p82",
    "title": "Sports Product #82",
    "category": "Sports",
    "price": 736,
    "img": "https://picsum.photos/seed/p82/480/320",
    "deal": false
  },
  {
    "id": "p83",
    "title": "Beauty Product #83",
    "category": "Beauty",
    "price": 3799,
    "img": "https://picsum.photos/seed/p83/480/320",
    "deal": true
  },
  {
    "id": "p84",
    "title": "Electronics Product #84",
    "category": "Electronics",
    "price": 3499,
    "img": "https://picsum.photos/seed/p84/480/320",
    "deal": false
  },
  {
    "id": "p85",
    "title": "Home & Kitchen Product #85",
    "category": "Home & Kitchen",
    "price": 4074,
    "img": "https://picsum.photos/seed/p85/480/320",
    "deal": true
  },
  {
    "id": "p86",
    "title": "Tools Product #86",
    "category": "Tools",
    "price": 1039,
    "img": "https://picsum.photos/seed/p86/480/320",
    "deal": true
  },
  {
    "id": "p87",
    "title": "Books Product #87",
    "category": "Books",
    "price": 1706,
    "img": "https://picsum.photos/seed/p87/480/320",
    "deal": false
  },
  {
    "id": "p88",
    "title": "Fashion Product #88",
    "category": "Fashion",
    "price": 2629,
    "img": "https://picsum.photos/seed/p88/480/320",
    "deal": true
  },
  {
    "id": "p89",
    "title": "Sports Product #89",
    "category": "Sports",
    "price": 1033,
    "img": "https://picsum.photos/seed/p89/480/320",
    "deal": false
  },
  {
    "id": "p90",
    "title": "Beauty Product #90",
    "category": "Beauty",
    "price": 1618,
    "img": "https://picsum.photos/seed/p90/480/320",
    "deal": true
  },
  {
    "id": "p91",
    "title": "Electronics Product #91",
    "category": "Electronics",
    "price": 154,
    "img": "https://picsum.photos/seed/p91/480/320",
    "deal": false
  },
  {
    "id": "p92",
    "title": "Home & Kitchen Product #92",
    "category": "Home & Kitchen",
    "price": 3193,
    "img": "https://picsum.photos/seed/p92/480/320",
    "deal": false
  },
  {
    "id": "p93",
    "title": "Tools Product #93",
    "category": "Tools",
    "price": 2454,
    "img": "https://picsum.photos/seed/p93/480/320",
    "deal": false
  },
  {
    "id": "p94",
    "title": "Books Product #94",
    "category": "Books",
    "price": 4843,
    "img": "https://picsum.photos/seed/p94/480/320",
    "deal": false
  },
  {
    "id": "p95",
    "title": "Fashion Product #95",
    "category": "Fashion",
    "price": 1165,
    "img": "https://picsum.photos/seed/p95/480/320",
    "deal": false
  },
  {
    "id": "p96",
    "title": "Sports Product #96",
    "category": "Sports",
    "price": 3699,
    "img": "https://picsum.photos/seed/p96/480/320",
    "deal": false
  },
  {
    "id": "p97",
    "title": "Beauty Product #97",
    "category": "Beauty",
    "price": 2280,
    "img": "https://picsum.photos/seed/p97/480/320",
    "deal": true
  },
  {
    "id": "p98",
    "title": "Electronics Product #98",
    "category": "Electronics",
    "price": 202,
    "img": "https://picsum.photos/seed/p98/480/320",
    "deal": false
  },
  {
    "id": "p99",
    "title": "Home & Kitchen Product #99",
    "category": "Home & Kitchen",
    "price": 1773,
    "img": "https://picsum.photos/seed/p99/480/320",
    "deal": false
  },
  {
    "id": "p100",
    "title": "Tools Product #100",
    "category": "Tools",
    "price": 1740,
    "img": "https://picsum.photos/seed/p100/480/320",
    "deal": false
  },
  {
    "id": "p101",
    "title": "Books Product #101",
    "category": "Books",
    "price": 1980,
    "img": "https://picsum.photos/seed/p101/480/320",
    "deal": false
  },
  {
    "id": "p102",
    "title": "Fashion Product #102",
    "category": "Fashion",
    "price": 3795,
    "img": "https://picsum.photos/seed/p102/480/320",
    "deal": false
  },
  {
    "id": "p103",
    "title": "Sports Product #103",
    "category": "Sports",
    "price": 2846,
    "img": "https://picsum.photos/seed/p103/480/320",
    "deal": false
  },
  {
    "id": "p104",
    "title": "Beauty Product #104",
    "category": "Beauty",
    "price": 3117,
    "img": "https://picsum.photos/seed/p104/480/320",
    "deal": false
  },
  {
    "id": "p105",
    "title": "Electronics Product #105",
    "category": "Electronics",
    "price": 1981,
    "img": "https://picsum.photos/seed/p105/480/320",
    "deal": false
  },
  {
    "id": "p106",
    "title": "Home & Kitchen Product #106",
    "category": "Home & Kitchen",
    "price": 4269,
    "img": "https://picsum.photos/seed/p106/480/320",
    "deal": true
  },
  {
    "id": "p107",
    "title": "Tools Product #107",
    "category": "Tools",
    "price": 518,
    "img": "https://picsum.photos/seed/p107/480/320",
    "deal": false
  },
  {
    "id": "p108",
    "title": "Books Product #108",
    "category": "Books",
    "price": 965,
    "img": "https://picsum.photos/seed/p108/480/320",
    "deal": false
  },
  {
    "id": "p109",
    "title": "Fashion Product #109",
    "category": "Fashion",
    "price": 697,
    "img": "https://picsum.photos/seed/p109/480/320",
    "deal": false
  },
  {
    "id": "p110",
    "title": "Sports Product #110",
    "category": "Sports",
    "price": 4569,
    "img": "https://picsum.photos/seed/p110/480/320",
    "deal": false
  },
  {
    "id": "p111",
    "title": "Beauty Product #111",
    "category": "Beauty",
    "price": 4050,
    "img": "https://picsum.photos/seed/p111/480/320",
    "deal": false
  },
  {
    "id": "p112",
    "title": "Electronics Product #112",
    "category": "Electronics",
    "price": 1503,
    "img": "https://picsum.photos/seed/p112/480/320",
    "deal": false
  },
  {
    "id": "p113",
    "title": "Home & Kitchen Product #113",
    "category": "Home & Kitchen",
    "price": 3173,
    "img": "https://picsum.photos/seed/p113/480/320",
    "deal": false
  },
  {
    "id": "p114",
    "title": "Tools Product #114",
    "category": "Tools",
    "price": 1790,
    "img": "https://picsum.photos/seed/p114/480/320",
    "deal": false
  },
  {
    "id": "p115",
    "title": "Books Product #115",
    "category": "Books",
    "price": 3557,
    "img": "https://picsum.photos/seed/p115/480/320",
    "deal": false
  },
  {
    "id": "p116",
    "title": "Fashion Product #116",
    "category": "Fashion",
    "price": 2712,
    "img": "https://picsum.photos/seed/p116/480/320",
    "deal": false
  },
  {
    "id": "p117",
    "title": "Sports Product #117",
    "category": "Sports",
    "price": 358,
    "img": "https://picsum.photos/seed/p117/480/320",
    "deal": false
  },
  {
    "id": "p118",
    "title": "Beauty Product #118",
    "category": "Beauty",
    "price": 4874,
    "img": "https://picsum.photos/seed/p118/480/320",
    "deal": false
  },
  {
    "id": "p119",
    "title": "Electronics Product #119",
    "category": "Electronics",
    "price": 278,
    "img": "https://picsum.photos/seed/p119/480/320",
    "deal": false
  },
  {
    "id": "p120",
    "title": "Home & Kitchen Product #120",
    "category": "Home & Kitchen",
    "price": 3726,
    "img": "https://picsum.photos/seed/p120/480/320",
    "deal": false
  },
  {
    "id": "p121",
    "title": "Tools Product #121",
    "category": "Tools",
    "price": 3631,
    "img": "https://picsum.photos/seed/p121/480/320",
    "deal": false
  },
  {
    "id": "p122",
    "title": "Books Product #122",
    "category": "Books",
    "price": 762,
    "img": "https://picsum.photos/seed/p122/480/320",
    "deal": true
  },
  {
    "id": "p123",
    "title": "Fashion Product #123",
    "category": "Fashion",
    "price": 4025,
    "img": "https://picsum.photos/seed/p123/480/320",
    "deal": false
  },
  {
    "id": "p124",
    "title": "Sports Product #124",
    "category": "Sports",
    "price": 3192,
    "img": "https://picsum.photos/seed/p124/480/320",
    "deal": false
  },
  {
    "id": "p125",
    "title": "Beauty Product #125",
    "category": "Beauty",
    "price": 3874,
    "img": "https://picsum.photos/seed/p125/480/320",
    "deal": false
  },
  {
    "id": "p126",
    "title": "Electronics Product #126",
    "category": "Electronics",
    "price": 109,
    "img": "https://picsum.photos/seed/p126/480/320",
    "deal": false
  },
  {
    "id": "p127",
    "title": "Home & Kitchen Product #127",
    "category": "Home & Kitchen",
    "price": 2044,
    "img": "https://picsum.photos/seed/p127/480/320",
    "deal": false
  },
  {
    "id": "p128",
    "title": "Tools Product #128",
    "category": "Tools",
    "price": 3906,
    "img": "https://picsum.photos/seed/p128/480/320",
    "deal": false
  },
  {
    "id": "p129",
    "title": "Books Product #129",
    "category": "Books",
    "price": 2945,
    "img": "https://picsum.photos/seed/p129/480/320",
    "deal": false
  },
  {
    "id": "p130",
    "title": "Fashion Product #130",
    "category": "Fashion",
    "price": 3095,
    "img": "https://picsum.photos/seed/p130/480/320",
    "deal": false
  },
  {
    "id": "p131",
    "title": "Sports Product #131",
    "category": "Sports",
    "price": 2062,
    "img": "https://picsum.photos/seed/p131/480/320",
    "deal": false
  },
  {
    "id": "p132",
    "title": "Beauty Product #132",
    "category": "Beauty",
    "price": 4259,
    "img": "https://picsum.photos/seed/p132/480/320",
    "deal": true
  },
  {
    "id": "p133",
    "title": "Electronics Product #133",
    "category": "Electronics",
    "price": 1301,
    "img": "https://picsum.photos/seed/p133/480/320",
    "deal": false
  },
  {
    "id": "p134",
    "title": "Home & Kitchen Product #134",
    "category": "Home & Kitchen",
    "price": 2230,
    "img": "https://picsum.photos/seed/p134/480/320",
    "deal": false
  },
  {
    "id": "p135",
    "title": "Tools Product #135",
    "category": "Tools",
    "price": 1966,
    "img": "https://picsum.photos/seed/p135/480/320",
    "deal": false
  },
  {
    "id": "p136",
    "title": "Books Product #136",
    "category": "Books",
    "price": 2725,
    "img": "https://picsum.photos/seed/p136/480/320",
    "deal": false
  },
  {
    "id": "p137",
    "title": "Fashion Product #137",
    "category": "Fashion",
    "price": 3890,
    "img": "https://picsum.photos/seed/p137/480/320",
    "deal": true
  },
  {
    "id": "p138",
    "title": "Sports Product #138",
    "category": "Sports",
    "price": 905,
    "img": "https://picsum.photos/seed/p138/480/320",
    "deal": false
  },
  {
    "id": "p139",
    "title": "Beauty Product #139",
    "category": "Beauty",
    "price": 2780,
    "img": "https://picsum.photos/seed/p139/480/320",
    "deal": false
  },
  {
    "id": "p140",
    "title": "Electronics Product #140",
    "category": "Electronics",
    "price": 4293,
    "img": "https://picsum.photos/seed/p140/480/320",
    "deal": false
  },
  {
    "id": "p141",
    "title": "Home & Kitchen Product #141",
    "category": "Home & Kitchen",
    "price": 2511,
    "img": "https://picsum.photos/seed/p141/480/320",
    "deal": false
  },
  {
    "id": "p142",
    "title": "Tools Product #142",
    "category": "Tools",
    "price": 2041,
    "img": "https://picsum.photos/seed/p142/480/320",
    "deal": false
  },
  {
    "id": "p143",
    "title": "Books Product #143",
    "category": "Books",
    "price": 4535,
    "img": "https://picsum.photos/seed/p143/480/320",
    "deal": false
  },
  {
    "id": "p144",
    "title": "Fashion Product #144",
    "category": "Fashion",
    "price": 4467,
    "img": "https://picsum.photos/seed/p144/480/320",
    "deal": false
  },
  {
    "id": "p145",
    "title": "Sports Product #145",
    "category": "Sports",
    "price": 4519,
    "img": "https://picsum.photos/seed/p145/480/320",
    "deal": true
  },
  {
    "id": "p146",
    "title": "Beauty Product #146",
    "category": "Beauty",
    "price": 2297,
    "img": "https://picsum.photos/seed/p146/480/320",
    "deal": false
  },
  {
    "id": "p147",
    "title": "Electronics Product #147",
    "category": "Electronics",
    "price": 2976,
    "img": "https://picsum.photos/seed/p147/480/320",
    "deal": false
  },
  {
    "id": "p148",
    "title": "Home & Kitchen Product #148",
    "category": "Home & Kitchen",
    "price": 3194,
    "img": "https://picsum.photos/seed/p148/480/320",
    "deal": false
  },
  {
    "id": "p149",
    "title": "Tools Product #149",
    "category": "Tools",
    "price": 1473,
    "img": "https://picsum.photos/seed/p149/480/320",
    "deal": false
  },
  {
    "id": "p150",
    "title": "Books Product #150",
    "category": "Books",
    "price": 1907,
    "img": "https://picsum.photos/seed/p150/480/320",
    "deal": false
  },
  {
    "id": "p151",
    "title": "Fashion Product #151",
    "category": "Fashion",
    "price": 2937,
    "img": "https://picsum.photos/seed/p151/480/320",
    "deal": true
  },
  {
    "id": "p152",
    "title": "Sports Product #152",
    "category": "Sports",
    "price": 124,
    "img": "https://picsum.photos/seed/p152/480/320",
    "deal": false
  },
  {
    "id": "p153",
    "title": "Beauty Product #153",
    "category": "Beauty",
    "price": 2417,
    "img": "https://picsum.photos/seed/p153/480/320",
    "deal": true
  },
  {
    "id": "p154",
    "title": "Electronics Product #154",
    "category": "Electronics",
    "price": 1915,
    "img": "https://picsum.photos/seed/p154/480/320",
    "deal": false
  },
  {
    "id": "p155",
    "title": "Home & Kitchen Product #155",
    "category": "Home & Kitchen",
    "price": 4826,
    "img": "https://picsum.photos/seed/p155/480/320",
    "deal": false
  },
  {
    "id": "p156",
    "title": "Tools Product #156",
    "category": "Tools",
    "price": 320,
    "img": "https://picsum.photos/seed/p156/480/320",
    "deal": false
  },
  {
    "id": "p157",
    "title": "Books Product #157",
    "category": "Books",
    "price": 4756,
    "img": "https://picsum.photos/seed/p157/480/320",
    "deal": false
  },
  {
    "id": "p158",
    "title": "Fashion Product #158",
    "category": "Fashion",
    "price": 4935,
    "img": "https://picsum.photos/seed/p158/480/320",
    "deal": false
  },
  {
    "id": "p159",
    "title": "Sports Product #159",
    "category": "Sports",
    "price": 1765,
    "img": "https://picsum.photos/seed/p159/480/320",
    "deal": false
  },
  {
    "id": "p160",
    "title": "Beauty Product #160",
    "category": "Beauty",
    "price": 2982,
    "img": "https://picsum.photos/seed/p160/480/320",
    "deal": false
  },
  {
    "id": "p161",
    "title": "Electronics Product #161",
    "category": "Electronics",
    "price": 1879,
    "img": "https://picsum.photos/seed/p161/480/320",
    "deal": false
  },
  {
    "id": "p162",
    "title": "Home & Kitchen Product #162",
    "category": "Home & Kitchen",
    "price": 657,
    "img": "https://picsum.photos/seed/p162/480/320",
    "deal": false
  },
  {
    "id": "p163",
    "title": "Tools Product #163",
    "category": "Tools",
    "price": 2486,
    "img": "https://picsum.photos/seed/p163/480/320",
    "deal": false
  },
  {
    "id": "p164",
    "title": "Books Product #164",
    "category": "Books",
    "price": 292,
    "img": "https://picsum.photos/seed/p164/480/320",
    "deal": true
  },
  {
    "id": "p165",
    "title": "Fashion Product #165",
    "category": "Fashion",
    "price": 284,
    "img": "https://picsum.photos/seed/p165/480/320",
    "deal": false
  },
  {
    "id": "p166",
    "title": "Sports Product #166",
    "category": "Sports",
    "price": 3568,
    "img": "https://picsum.photos/seed/p166/480/320",
    "deal": false
  },
  {
    "id": "p167",
    "title": "Beauty Product #167",
    "category": "Beauty",
    "price": 4738,
    "img": "https://picsum.photos/seed/p167/480/320",
    "deal": false
  },
  {
    "id": "p168",
    "title": "Electronics Product #168",
    "category": "Electronics",
    "price": 259,
    "img": "https://picsum.photos/seed/p168/480/320",
    "deal": false
  },
  {
    "id": "p169",
    "title": "Home & Kitchen Product #169",
    "category": "Home & Kitchen",
    "price": 2633,
    "img": "https://picsum.photos/seed/p169/480/320",
    "deal": false
  },
  {
    "id": "p170",
    "title": "Tools Product #170",
    "category": "Tools",
    "price": 4900,
    "img": "https://picsum.photos/seed/p170/480/320",
    "deal": false
  },
  {
    "id": "p171",
    "title": "Books Product #171",
    "category": "Books",
    "price": 4531,
    "img": "https://picsum.photos/seed/p171/480/320",
    "deal": false
  },
  {
    "id": "p172",
    "title": "Fashion Product #172",
    "category": "Fashion",
    "price": 3075,
    "img": "https://picsum.photos/seed/p172/480/320",
    "deal": false
  },
  {
    "id": "p173",
    "title": "Sports Product #173",
    "category": "Sports",
    "price": 3990,
    "img": "https://picsum.photos/seed/p173/480/320",
    "deal": false
  },
  {
    "id": "p174",
    "title": "Beauty Product #174",
    "category": "Beauty",
    "price": 3665,
    "img": "https://picsum.photos/seed/p174/480/320",
    "deal": false
  },
  {
    "id": "p175",
    "title": "Electronics Product #175",
    "category": "Electronics",
    "price": 138,
    "img": "https://picsum.photos/seed/p175/480/320",
    "deal": false
  },
  {
    "id": "p176",
    "title": "Home & Kitchen Product #176",
    "category": "Home & Kitchen",
    "price": 3562,
    "img": "https://picsum.photos/seed/p176/480/320",
    "deal": false
  },
  {
    "id": "p177",
    "title": "Tools Product #177",
    "category": "Tools",
    "price": 1340,
    "img": "https://picsum.photos/seed/p177/480/320",
    "deal": false
  },
  {
    "id": "p178",
    "title": "Books Product #178",
    "category": "Books",
    "price": 1418,
    "img": "https://picsum.photos/seed/p178/480/320",
    "deal": false
  },
  {
    "id": "p179",
    "title": "Fashion Product #179",
    "category": "Fashion",
    "price": 2895,
    "img": "https://picsum.photos/seed/p179/480/320",
    "deal": false
  },
  {
    "id": "p180",
    "title": "Sports Product #180",
    "category": "Sports",
    "price": 1994,
    "img": "https://picsum.photos/seed/p180/480/320",
    "deal": false
  },
  {
    "id": "p181",
    "title": "Beauty Product #181",
    "category": "Beauty",
    "price": 3090,
    "img": "https://picsum.photos/seed/p181/480/320",
    "deal": false
  },
  {
    "id": "p182",
    "title": "Electronics Product #182",
    "category": "Electronics",
    "price": 3530,
    "img": "https://picsum.photos/seed/p182/480/320",
    "deal": true
  },
  {
    "id": "p183",
    "title": "Home & Kitchen Product #183",
    "category": "Home & Kitchen",
    "price": 3097,
    "img": "https://picsum.photos/seed/p183/480/320",
    "deal": false
  },
  {
    "id": "p184",
    "title": "Tools Product #184",
    "category": "Tools",
    "price": 4422,
    "img": "https://picsum.photos/seed/p184/480/320",
    "deal": false
  },
  {
    "id": "p185",
    "title": "Books Product #185",
    "category": "Books",
    "price": 3607,
    "img": "https://picsum.photos/seed/p185/480/320",
    "deal": false
  },
  {
    "id": "p186",
    "title": "Fashion Product #186",
    "category": "Fashion",
    "price": 2412,
    "img": "https://picsum.photos/seed/p186/480/320",
    "deal": false
  },
  {
    "id": "p187",
    "title": "Sports Product #187",
    "category": "Sports",
    "price": 3028,
    "img": "https://picsum.photos/seed/p187/480/320",
    "deal": false
  },
  {
    "id": "p188",
    "title": "Beauty Product #188",
    "category": "Beauty",
    "price": 2210,
    "img": "https://picsum.photos/seed/p188/480/320",
    "deal": false
  },
  {
    "id": "p189",
    "title": "Electronics Product #189",
    "category": "Electronics",
    "price": 1186,
    "img": "https://picsum.photos/seed/p189/480/320",
    "deal": false
  },
  {
    "id": "p190",
    "title": "Home & Kitchen Product #190",
    "category": "Home & Kitchen",
    "price": 779,
    "img": "https://picsum.photos/seed/p190/480/320",
    "deal": false
  },
  {
    "id": "p191",
    "title": "Tools Product #191",
    "category": "Tools",
    "price": 1812,
    "img": "https://picsum.photos/seed/p191/480/320",
    "deal": true
  },
  {
    "id": "p192",
    "title": "Books Product #192",
    "category": "Books",
    "price": 981,
    "img": "https://picsum.photos/seed/p192/480/320",
    "deal": true
  },
  {
    "id": "p193",
    "title": "Fashion Product #193",
    "category": "Fashion",
    "price": 1354,
    "img": "https://picsum.photos/seed/p193/480/320",
    "deal": false
  },
  {
    "id": "p194",
    "title": "Sports Product #194",
    "category": "Sports",
    "price": 2062,
    "img": "https://picsum.photos/seed/p194/480/320",
    "deal": false
  },
  {
    "id": "p195",
    "title": "Beauty Product #195",
    "category": "Beauty",
    "price": 2246,
    "img": "https://picsum.photos/seed/p195/480/320",
    "deal": false
  },
  {
    "id": "p196",
    "title": "Electronics Product #196",
    "category": "Electronics",
    "price": 268,
    "img": "https://picsum.photos/seed/p196/480/320",
    "deal": false
  },
  {
    "id": "p197",
    "title": "Home & Kitchen Product #197",
    "category": "Home & Kitchen",
    "price": 934,
    "img": "https://picsum.photos/seed/p197/480/320",
    "deal": false
  },
  {
    "id": "p198",
    "title": "Tools Product #198",
    "category": "Tools",
    "price": 1652,
    "img": "https://picsum.photos/seed/p198/480/320",
    "deal": false
  },
  {
    "id": "p199",
    "title": "Books Product #199",
    "category": "Books",
    "price": 1471,
    "img": "https://picsum.photos/seed/p199/480/320",
    "deal": false
  },
  {
    "id": "p200",
    "title": "Fashion Product #200",
    "category": "Fashion",
    "price": 2784,
    "img": "https://picsum.photos/seed/p200/480/320",
    "deal": false
  },
  {
    "id": "p201",
    "title": "Sports Product #201",
    "category": "Sports",
    "price": 1444,
    "img": "https://picsum.photos/seed/p201/480/320",
    "deal": false
  },
  {
    "id": "p202",
    "title": "Beauty Product #202",
    "category": "Beauty",
    "price": 283,
    "img": "https://picsum.photos/seed/p202/480/320",
    "deal": false
  },
  {
    "id": "p203",
    "title": "Electronics Product #203",
    "category": "Electronics",
    "price": 3079,
    "img": "https://picsum.photos/seed/p203/480/320",
    "deal": false
  },
  {
    "id": "p204",
    "title": "Home & Kitchen Product #204",
    "category": "Home & Kitchen",
    "price": 3390,
    "img": "https://picsum.photos/seed/p204/480/320",
    "deal": false
  },
  {
    "id": "p205",
    "title": "Tools Product #205",
    "category": "Tools",
    "price": 2904,
    "img": "https://picsum.photos/seed/p205/480/320",
    "deal": false
  },
  {
    "id": "p206",
    "title": "Books Product #206",
    "category": "Books",
    "price": 1099,
    "img": "https://picsum.photos/seed/p206/480/320",
    "deal": false
  },
  {
    "id": "p207",
    "title": "Fashion Product #207",
    "category": "Fashion",
    "price": 4653,
    "img": "https://picsum.photos/seed/p207/480/320",
    "deal": false
  },
  {
    "id": "p208",
    "title": "Sports Product #208",
    "category": "Sports",
    "price": 1684,
    "img": "https://picsum.photos/seed/p208/480/320",
    "deal": false
  },
  {
    "id": "p209",
    "title": "Beauty Product #209",
    "category": "Beauty",
    "price": 3050,
    "img": "https://picsum.photos/seed/p209/480/320",
    "deal": false
  },
  {
    "id": "p210",
    "title": "Electronics Product #210",
    "category": "Electronics",
    "price": 4186,
    "img": "https://picsum.photos/seed/p210/480/320",
    "deal": false
  },
  {
    "id": "p211",
    "title": "Home & Kitchen Product #211",
    "category": "Home & Kitchen",
    "price": 569,
    "img": "https://picsum.photos/seed/p211/480/320",
    "deal": false
  },
  {
    "id": "p212",
    "title": "Tools Product #212",
    "category": "Tools",
    "price": 4878,
    "img": "https://picsum.photos/seed/p212/480/320",
    "deal": false
  },
  {
    "id": "p213",
    "title": "Books Product #213",
    "category": "Books",
    "price": 2846,
    "img": "https://picsum.photos/seed/p213/480/320",
    "deal": false
  },
  {
    "id": "p214",
    "title": "Fashion Product #214",
    "category": "Fashion",
    "price": 4627,
    "img": "https://picsum.photos/seed/p214/480/320",
    "deal": false
  },
  {
    "id": "p215",
    "title": "Sports Product #215",
    "category": "Sports",
    "price": 1934,
    "img": "https://picsum.photos/seed/p215/480/320",
    "deal": false
  },
  {
    "id": "p216",
    "title": "Beauty Product #216",
    "category": "Beauty",
    "price": 899,
    "img": "https://picsum.photos/seed/p216/480/320",
    "deal": false
  },
  {
    "id": "p217",
    "title": "Electronics Product #217",
    "category": "Electronics",
    "price": 2532,
    "img": "https://picsum.photos/seed/p217/480/320",
    "deal": false
  },
  {
    "id": "p218",
    "title": "Home & Kitchen Product #218",
    "category": "Home & Kitchen",
    "price": 3823,
    "img": "https://picsum.photos/seed/p218/480/320",
    "deal": false
  },
  {
    "id": "p219",
    "title": "Tools Product #219",
    "category": "Tools",
    "price": 1293,
    "img": "https://picsum.photos/seed/p219/480/320",
    "deal": true
  },
  {
    "id": "p220",
    "title": "Books Product #220",
    "category": "Books",
    "price": 1737,
    "img": "https://picsum.photos/seed/p220/480/320",
    "deal": true
  },
  {
    "id": "p221",
    "title": "Fashion Product #221",
    "category": "Fashion",
    "price": 4235,
    "img": "https://picsum.photos/seed/p221/480/320",
    "deal": false
  },
  {
    "id": "p222",
    "title": "Sports Product #222",
    "category": "Sports",
    "price": 508,
    "img": "https://picsum.photos/seed/p222/480/320",
    "deal": true
  },
  {
    "id": "p223",
    "title": "Beauty Product #223",
    "category": "Beauty",
    "price": 4850,
    "img": "https://picsum.photos/seed/p223/480/320",
    "deal": false
  },
  {
    "id": "p224",
    "title": "Electronics Product #224",
    "category": "Electronics",
    "price": 1739,
    "img": "https://picsum.photos/seed/p224/480/320",
    "deal": false
  },
  {
    "id": "p225",
    "title": "Home & Kitchen Product #225",
    "category": "Home & Kitchen",
    "price": 541,
    "img": "https://picsum.photos/seed/p225/480/320",
    "deal": false
  },
  {
    "id": "p226",
    "title": "Tools Product #226",
    "category": "Tools",
    "price": 1949,
    "img": "https://picsum.photos/seed/p226/480/320",
    "deal": false
  },
  {
    "id": "p227",
    "title": "Books Product #227",
    "category": "Books",
    "price": 2959,
    "img": "https://picsum.photos/seed/p227/480/320",
    "deal": false
  },
  {
    "id": "p228",
    "title": "Fashion Product #228",
    "category": "Fashion",
    "price": 3994,
    "img": "https://picsum.photos/seed/p228/480/320",
    "deal": false
  },
  {
    "id": "p229",
    "title": "Sports Product #229",
    "category": "Sports",
    "price": 4386,
    "img": "https://picsum.photos/seed/p229/480/320",
    "deal": false
  },
  {
    "id": "p230",
    "title": "Beauty Product #230",
    "category": "Beauty",
    "price": 1172,
    "img": "https://picsum.photos/seed/p230/480/320",
    "deal": true
  },
  {
    "id": "p231",
    "title": "Electronics Product #231",
    "category": "Electronics",
    "price": 542,
    "img": "https://picsum.photos/seed/p231/480/320",
    "deal": false
  },
  {
    "id": "p232",
    "title": "Home & Kitchen Product #232",
    "category": "Home & Kitchen",
    "price": 2683,
    "img": "https://picsum.photos/seed/p232/480/320",
    "deal": true
  },
  {
    "id": "p233",
    "title": "Tools Product #233",
    "category": "Tools",
    "price": 157,
    "img": "https://picsum.photos/seed/p233/480/320",
    "deal": false
  },
  {
    "id": "p234",
    "title": "Books Product #234",
    "category": "Books",
    "price": 4444,
    "img": "https://picsum.photos/seed/p234/480/320",
    "deal": false
  },
  {
    "id": "p235",
    "title": "Fashion Product #235",
    "category": "Fashion",
    "price": 513,
    "img": "https://picsum.photos/seed/p235/480/320",
    "deal": false
  },
  {
    "id": "p236",
    "title": "Sports Product #236",
    "category": "Sports",
    "price": 558,
    "img": "https://picsum.photos/seed/p236/480/320",
    "deal": false
  },
  {
    "id": "p237",
    "title": "Beauty Product #237",
    "category": "Beauty",
    "price": 773,
    "img": "https://picsum.photos/seed/p237/480/320",
    "deal": false
  },
  {
    "id": "p238",
    "title": "Electronics Product #238",
    "category": "Electronics",
    "price": 2327,
    "img": "https://picsum.photos/seed/p238/480/320",
    "deal": true
  },
  {
    "id": "p239",
    "title": "Home & Kitchen Product #239",
    "category": "Home & Kitchen",
    "price": 834,
    "img": "https://picsum.photos/seed/p239/480/320",
    "deal": true
  },
  {
    "id": "p240",
    "title": "Tools Product #240",
    "category": "Tools",
    "price": 4694,
    "img": "https://picsum.photos/seed/p240/480/320",
    "deal": false
  },
  {
    "id": "p241",
    "title": "Books Product #241",
    "category": "Books",
    "price": 4151,
    "img": "https://picsum.photos/seed/p241/480/320",
    "deal": false
  },
  {
    "id": "p242",
    "title": "Fashion Product #242",
    "category": "Fashion",
    "price": 3626,
    "img": "https://picsum.photos/seed/p242/480/320",
    "deal": false
  },
  {
    "id": "p243",
    "title": "Sports Product #243",
    "category": "Sports",
    "price": 4383,
    "img": "https://picsum.photos/seed/p243/480/320",
    "deal": false
  },
  {
    "id": "p244",
    "title": "Beauty Product #244",
    "category": "Beauty",
    "price": 517,
    "img": "https://picsum.photos/seed/p244/480/320",
    "deal": false
  },
  {
    "id": "p245",
    "title": "Electronics Product #245",
    "category": "Electronics",
    "price": 4401,
    "img": "https://picsum.photos/seed/p245/480/320",
    "deal": false
  },
  {
    "id": "p246",
    "title": "Home & Kitchen Product #246",
    "category": "Home & Kitchen",
    "price": 4831,
    "img": "https://picsum.photos/seed/p246/480/320",
    "deal": false
  },
  {
    "id": "p247",
    "title": "Tools Product #247",
    "category": "Tools",
    "price": 3669,
    "img": "https://picsum.photos/seed/p247/480/320",
    "deal": false
  },
  {
    "id": "p248",
    "title": "Books Product #248",
    "category": "Books",
    "price": 1624,
    "img": "https://picsum.photos/seed/p248/480/320",
    "deal": false
  },
  {
    "id": "p249",
    "title": "Fashion Product #249",
    "category": "Fashion",
    "price": 2360,
    "img": "https://picsum.photos/seed/p249/480/320",
    "deal": false
  },
  {
    "id": "p250",
    "title": "Sports Product #250",
    "category": "Sports",
    "price": 4992,
    "img": "https://picsum.photos/seed/p250/480/320",
    "deal": false
  },
  {
    "id": "p251",
    "title": "Beauty Product #251",
    "category": "Beauty",
    "price": 582,
    "img": "https://picsum.photos/seed/p251/480/320",
    "deal": false
  },
  {
    "id": "p252",
    "title": "Electronics Product #252",
    "category": "Electronics",
    "price": 1597,
    "img": "https://picsum.photos/seed/p252/480/320",
    "deal": false
  },
  {
    "id": "p253",
    "title": "Home & Kitchen Product #253",
    "category": "Home & Kitchen",
    "price": 1771,
    "img": "https://picsum.photos/seed/p253/480/320",
    "deal": false
  },
  {
    "id": "p254",
    "title": "Tools Product #254",
    "category": "Tools",
    "price": 2626,
    "img": "https://picsum.photos/seed/p254/480/320",
    "deal": false
  },
  {
    "id": "p255",
    "title": "Books Product #255",
    "category": "Books",
    "price": 727,
    "img": "https://picsum.photos/seed/p255/480/320",
    "deal": false
  },
  {
    "id": "p256",
    "title": "Fashion Product #256",
    "category": "Fashion",
    "price": 2928,
    "img": "https://picsum.photos/seed/p256/480/320",
    "deal": false
  },
  {
    "id": "p257",
    "title": "Sports Product #257",
    "category": "Sports",
    "price": 2308,
    "img": "https://picsum.photos/seed/p257/480/320",
    "deal": false
  },
  {
    "id": "p258",
    "title": "Beauty Product #258",
    "category": "Beauty",
    "price": 5068,
    "img": "https://picsum.photos/seed/p258/480/320",
    "deal": true
  },
  {
    "id": "p259",
    "title": "Electronics Product #259",
    "category": "Electronics",
    "price": 1605,
    "img": "https://picsum.photos/seed/p259/480/320",
    "deal": false
  },
  {
    "id": "p260",
    "title": "Home & Kitchen Product #260",
    "category": "Home & Kitchen",
    "price": 4365,
    "img": "https://picsum.photos/seed/p260/480/320",
    "deal": false
  },
  {
    "id": "p261",
    "title": "Tools Product #261",
    "category": "Tools",
    "price": 4293,
    "img": "https://picsum.photos/seed/p261/480/320",
    "deal": false
  },
  {
    "id": "p262",
    "title": "Books Product #262",
    "category": "Books",
    "price": 1819,
    "img": "https://picsum.photos/seed/p262/480/320",
    "deal": false
  },
  {
    "id": "p263",
    "title": "Fashion Product #263",
    "category": "Fashion",
    "price": 5045,
    "img": "https://picsum.photos/seed/p263/480/320",
    "deal": false
  },
  {
    "id": "p264",
    "title": "Sports Product #264",
    "category": "Sports",
    "price": 2765,
    "img": "https://picsum.photos/seed/p264/480/320",
    "deal": false
  },
  {
    "id": "p265",
    "title": "Beauty Product #265",
    "category": "Beauty",
    "price": 1436,
    "img": "https://picsum.photos/seed/p265/480/320",
    "deal": false
  },
  {
    "id": "p266",
    "title": "Electronics Product #266",
    "category": "Electronics",
    "price": 2462,
    "img": "https://picsum.photos/seed/p266/480/320",
    "deal": false
  },
  {
    "id": "p267",
    "title": "Home & Kitchen Product #267",
    "category": "Home & Kitchen",
    "price": 3594,
    "img": "https://picsum.photos/seed/p267/480/320",
    "deal": false
  },
  {
    "id": "p268",
    "title": "Tools Product #268",
    "category": "Tools",
    "price": 392,
    "img": "https://picsum.photos/seed/p268/480/320",
    "deal": false
  },
  {
    "id": "p269",
    "title": "Books Product #269",
    "category": "Books",
    "price": 2041,
    "img": "https://picsum.photos/seed/p269/480/320",
    "deal": false
  },
  {
    "id": "p270",
    "title": "Fashion Product #270",
    "category": "Fashion",
    "price": 4029,
    "img": "https://picsum.photos/seed/p270/480/320",
    "deal": false
  },
  {
    "id": "p271",
    "title": "Sports Product #271",
    "category": "Sports",
    "price": 3169,
    "img": "https://picsum.photos/seed/p271/480/320",
    "deal": false
  },
  {
    "id": "p272",
    "title": "Beauty Product #272",
    "category": "Beauty",
    "price": 1468,
    "img": "https://picsum.photos/seed/p272/480/320",
    "deal": false
  },
  {
    "id": "p273",
    "title": "Electronics Product #273",
    "category": "Electronics",
    "price": 1105,
    "img": "https://picsum.photos/seed/p273/480/320",
    "deal": false
  },
  {
    "id": "p274",
    "title": "Home & Kitchen Product #274",
    "category": "Home & Kitchen",
    "price": 1265,
    "img": "https://picsum.photos/seed/p274/480/320",
    "deal": false
  },
  {
    "id": "p275",
    "title": "Tools Product #275",
    "category": "Tools",
    "price": 1222,
    "img": "https://picsum.photos/seed/p275/480/320",
    "deal": false
  },
  {
    "id": "p276",
    "title": "Books Product #276",
    "category": "Books",
    "price": 3711,
    "img": "https://picsum.photos/seed/p276/480/320",
    "deal": false
  },
  {
    "id": "p277",
    "title": "Fashion Product #277",
    "category": "Fashion",
    "price": 3569,
    "img": "https://picsum.photos/seed/p277/480/320",
    "deal": false
  },
  {
    "id": "p278",
    "title": "Sports Product #278",
    "category": "Sports",
    "price": 3583,
    "img": "https://picsum.photos/seed/p278/480/320",
    "deal": false
  },
  {
    "id": "p279",
    "title": "Beauty Product #279",
    "category": "Beauty",
    "price": 2877,
    "img": "https://picsum.photos/seed/p279/480/320",
    "deal": false
  },
  {
    "id": "p280",
    "title": "Electronics Product #280",
    "category": "Electronics",
    "price": 4320,
    "img": "https://picsum.photos/seed/p280/480/320",
    "deal": false
  },
  {
    "id": "p281",
    "title": "Home & Kitchen Product #281",
    "category": "Home & Kitchen",
    "price": 1796,
    "img": "https://picsum.photos/seed/p281/480/320",
    "deal": false
  },
  {
    "id": "p282",
    "title": "Tools Product #282",
    "category": "Tools",
    "price": 3844,
    "img": "https://picsum.photos/seed/p282/480/320",
    "deal": false
  },
  {
    "id": "p283",
    "title": "Books Product #283",
    "category": "Books",
    "price": 3360,
    "img": "https://picsum.photos/seed/p283/480/320",
    "deal": true
  },
  {
    "id": "p284",
    "title": "Fashion Product #284",
    "category": "Fashion",
    "price": 3048,
    "img": "https://picsum.photos/seed/p284/480/320",
    "deal": false
  },
  {
    "id": "p285",
    "title": "Sports Product #285",
    "category": "Sports",
    "price": 4409,
    "img": "https://picsum.photos/seed/p285/480/320",
    "deal": false
  },
  {
    "id": "p286",
    "title": "Beauty Product #286",
    "category": "Beauty",
    "price": 1192,
    "img": "https://picsum.photos/seed/p286/480/320",
    "deal": false
  },
  {
    "id": "p287",
    "title": "Electronics Product #287",
    "category": "Electronics",
    "price": 3731,
    "img": "https://picsum.photos/seed/p287/480/320",
    "deal": false
  },
  {
    "id": "p288",
    "title": "Home & Kitchen Product #288",
    "category": "Home & Kitchen",
    "price": 650,
    "img": "https://picsum.photos/seed/p288/480/320",
    "deal": true
  },
  {
    "id": "p289",
    "title": "Tools Product #289",
    "category": "Tools",
    "price": 3359,
    "img": "https://picsum.photos/seed/p289/480/320",
    "deal": true
  },
  {
    "id": "p290",
    "title": "Books Product #290",
    "category": "Books",
    "price": 202,
    "img": "https://picsum.photos/seed/p290/480/320",
    "deal": false
  },
  {
    "id": "p291",
    "title": "Fashion Product #291",
    "category": "Fashion",
    "price": 1976,
    "img": "https://picsum.photos/seed/p291/480/320",
    "deal": false
  },
  {
    "id": "p292",
    "title": "Sports Product #292",
    "category": "Sports",
    "price": 2358,
    "img": "https://picsum.photos/seed/p292/480/320",
    "deal": false
  },
  {
    "id": "p293",
    "title": "Beauty Product #293",
    "category": "Beauty",
    "price": 5015,
    "img": "https://picsum.photos/seed/p293/480/320",
    "deal": false
  },
  {
    "id": "p294",
    "title": "Electronics Product #294",
    "category": "Electronics",
    "price": 4343,
    "img": "https://picsum.photos/seed/p294/480/320",
    "deal": false
  },
  {
    "id": "p295",
    "title": "Home & Kitchen Product #295",
    "category": "Home & Kitchen",
    "price": 2066,
    "img": "https://picsum.photos/seed/p295/480/320",
    "deal": false
  },
  {
    "id": "p296",
    "title": "Tools Product #296",
    "category": "Tools",
    "price": 4487,
    "img": "https://picsum.photos/seed/p296/480/320",
    "deal": true
  },
  {
    "id": "p297",
    "title": "Books Product #297",
    "category": "Books",
    "price": 2453,
    "img": "https://picsum.photos/seed/p297/480/320",
    "deal": false
  },
  {
    "id": "p298",
    "title": "Fashion Product #298",
    "category": "Fashion",
    "price": 4509,
    "img": "https://picsum.photos/seed/p298/480/320",
    "deal": false
  },
  {
    "id": "p299",
    "title": "Sports Product #299",
    "category": "Sports",
    "price": 1831,
    "img": "https://picsum.photos/seed/p299/480/320",
    "deal": false
  },
  {
    "id": "p300",
    "title": "Beauty Product #300",
    "category": "Beauty",
    "price": 453,
    "img": "https://picsum.photos/seed/p300/480/320",
    "deal": false
  },
  {
    "id": "p301",
    "title": "Electronics Product #301",
    "category": "Electronics",
    "price": 648,
    "img": "https://picsum.photos/seed/p301/480/320",
    "deal": false
  },
  {
    "id": "p302",
    "title": "Home & Kitchen Product #302",
    "category": "Home & Kitchen",
    "price": 4918,
    "img": "https://picsum.photos/seed/p302/480/320",
    "deal": false
  },
  {
    "id": "p303",
    "title": "Tools Product #303",
    "category": "Tools",
    "price": 965,
    "img": "https://picsum.photos/seed/p303/480/320",
    "deal": false
  },
  {
    "id": "p304",
    "title": "Books Product #304",
    "category": "Books",
    "price": 1155,
    "img": "https://picsum.photos/seed/p304/480/320",
    "deal": false
  },
  {
    "id": "p305",
    "title": "Fashion Product #305",
    "category": "Fashion",
    "price": 1517,
    "img": "https://picsum.photos/seed/p305/480/320",
    "deal": false
  },
  {
    "id": "p306",
    "title": "Sports Product #306",
    "category": "Sports",
    "price": 4121,
    "img": "https://picsum.photos/seed/p306/480/320",
    "deal": false
  },
  {
    "id": "p307",
    "title": "Beauty Product #307",
    "category": "Beauty",
    "price": 1073,
    "img": "https://picsum.photos/seed/p307/480/320",
    "deal": false
  },
  {
    "id": "p308",
    "title": "Electronics Product #308",
    "category": "Electronics",
    "price": 1667,
    "img": "https://picsum.photos/seed/p308/480/320",
    "deal": false
  },
  {
    "id": "p309",
    "title": "Home & Kitchen Product #309",
    "category": "Home & Kitchen",
    "price": 3630,
    "img": "https://picsum.photos/seed/p309/480/320",
    "deal": false
  },
  {
    "id": "p310",
    "title": "Tools Product #310",
    "category": "Tools",
    "price": 3416,
    "img": "https://picsum.photos/seed/p310/480/320",
    "deal": false
  },
  {
    "id": "p311",
    "title": "Books Product #311",
    "category": "Books",
    "price": 994,
    "img": "https://picsum.photos/seed/p311/480/320",
    "deal": false
  },
  {
    "id": "p312",
    "title": "Fashion Product #312",
    "category": "Fashion",
    "price": 434,
    "img": "https://picsum.photos/seed/p312/480/320",
    "deal": false
  },
  {
    "id": "p313",
    "title": "Sports Product #313",
    "category": "Sports",
    "price": 3588,
    "img": "https://picsum.photos/seed/p313/480/320",
    "deal": false
  },
  {
    "id": "p314",
    "title": "Beauty Product #314",
    "category": "Beauty",
    "price": 4984,
    "img": "https://picsum.photos/seed/p314/480/320",
    "deal": false
  },
  {
    "id": "p315",
    "title": "Electronics Product #315",
    "category": "Electronics",
    "price": 4655,
    "img": "https://picsum.photos/seed/p315/480/320",
    "deal": true
  },
  {
    "id": "p316",
    "title": "Home & Kitchen Product #316",
    "category": "Home & Kitchen",
    "price": 4718,
    "img": "https://picsum.photos/seed/p316/480/320",
    "deal": true
  },
  {
    "id": "p317",
    "title": "Tools Product #317",
    "category": "Tools",
    "price": 287,
    "img": "https://picsum.photos/seed/p317/480/320",
    "deal": false
  },
  {
    "id": "p318",
    "title": "Books Product #318",
    "category": "Books",
    "price": 3754,
    "img": "https://picsum.photos/seed/p318/480/320",
    "deal": false
  },
  {
    "id": "p319",
    "title": "Fashion Product #319",
    "category": "Fashion",
    "price": 3208,
    "img": "https://picsum.photos/seed/p319/480/320",
    "deal": false
  },
  {
    "id": "p320",
    "title": "Sports Product #320",
    "category": "Sports",
    "price": 2038,
    "img": "https://picsum.photos/seed/p320/480/320",
    "deal": false
  },
  {
    "id": "p321",
    "title": "Beauty Product #321",
    "category": "Beauty",
    "price": 406,
    "img": "https://picsum.photos/seed/p321/480/320",
    "deal": true
  },
  {
    "id": "p322",
    "title": "Electronics Product #322",
    "category": "Electronics",
    "price": 3794,
    "img": "https://picsum.photos/seed/p322/480/320",
    "deal": false
  },
  {
    "id": "p323",
    "title": "Home & Kitchen Product #323",
    "category": "Home & Kitchen",
    "price": 3725,
    "img": "https://picsum.photos/seed/p323/480/320",
    "deal": false
  },
  {
    "id": "p324",
    "title": "Tools Product #324",
    "category": "Tools",
    "price": 3653,
    "img": "https://picsum.photos/seed/p324/480/320",
    "deal": false
  },
  {
    "id": "p325",
    "title": "Books Product #325",
    "category": "Books",
    "price": 3060,
    "img": "https://picsum.photos/seed/p325/480/320",
    "deal": false
  },
  {
    "id": "p326",
    "title": "Fashion Product #326",
    "category": "Fashion",
    "price": 531,
    "img": "https://picsum.photos/seed/p326/480/320",
    "deal": false
  },
  {
    "id": "p327",
    "title": "Sports Product #327",
    "category": "Sports",
    "price": 631,
    "img": "https://picsum.photos/seed/p327/480/320",
    "deal": false
  },
  {
    "id": "p328",
    "title": "Beauty Product #328",
    "category": "Beauty",
    "price": 1387,
    "img": "https://picsum.photos/seed/p328/480/320",
    "deal": false
  },
  {
    "id": "p329",
    "title": "Electronics Product #329",
    "category": "Electronics",
    "price": 2766,
    "img": "https://picsum.photos/seed/p329/480/320",
    "deal": false
  },
  {
    "id": "p330",
    "title": "Home & Kitchen Product #330",
    "category": "Home & Kitchen",
    "price": 2686,
    "img": "https://picsum.photos/seed/p330/480/320",
    "deal": false
  },
  {
    "id": "p331",
    "title": "Tools Product #331",
    "category": "Tools",
    "price": 1544,
    "img": "https://picsum.photos/seed/p331/480/320",
    "deal": false
  },
  {
    "id": "p332",
    "title": "Books Product #332",
    "category": "Books",
    "price": 1344,
    "img": "https://picsum.photos/seed/p332/480/320",
    "deal": false
  },
  {
    "id": "p333",
    "title": "Fashion Product #333",
    "category": "Fashion",
    "price": 674,
    "img": "https://picsum.photos/seed/p333/480/320",
    "deal": false
  },
  {
    "id": "p334",
    "title": "Sports Product #334",
    "category": "Sports",
    "price": 4664,
    "img": "https://picsum.photos/seed/p334/480/320",
    "deal": true
  },
  {
    "id": "p335",
    "title": "Beauty Product #335",
    "category": "Beauty",
    "price": 1097,
    "img": "https://picsum.photos/seed/p335/480/320",
    "deal": false
  },
  {
    "id": "p336",
    "title": "Electronics Product #336",
    "category": "Electronics",
    "price": 1743,
    "img": "https://picsum.photos/seed/p336/480/320",
    "deal": false
  },
  {
    "id": "p337",
    "title": "Home & Kitchen Product #337",
    "category": "Home & Kitchen",
    "price": 564,
    "img": "https://picsum.photos/seed/p337/480/320",
    "deal": false
  },
  {
    "id": "p338",
    "title": "Tools Product #338",
    "category": "Tools",
    "price": 4369,
    "img": "https://picsum.photos/seed/p338/480/320",
    "deal": false
  },
  {
    "id": "p339",
    "title": "Books Product #339",
    "category": "Books",
    "price": 283,
    "img": "https://picsum.photos/seed/p339/480/320",
    "deal": false
  },
  {
    "id": "p340",
    "title": "Fashion Product #340",
    "category": "Fashion",
    "price": 2335,
    "img": "https://picsum.photos/seed/p340/480/320",
    "deal": false
  },
  {
    "id": "p341",
    "title": "Sports Product #341",
    "category": "Sports",
    "price": 3898,
    "img": "https://picsum.photos/seed/p341/480/320",
    "deal": false
  },
  {
    "id": "p342",
    "title": "Beauty Product #342",
    "category": "Beauty",
    "price": 2105,
    "img": "https://picsum.photos/seed/p342/480/320",
    "deal": false
  },
  {
    "id": "p343",
    "title": "Electronics Product #343",
    "category": "Electronics",
    "price": 3536,
    "img": "https://picsum.photos/seed/p343/480/320",
    "deal": false
  },
  {
    "id": "p344",
    "title": "Home & Kitchen Product #344",
    "category": "Home & Kitchen",
    "price": 1043,
    "img": "https://picsum.photos/seed/p344/480/320",
    "deal": false
  },
  {
    "id": "p345",
    "title": "Tools Product #345",
    "category": "Tools",
    "price": 2552,
    "img": "https://picsum.photos/seed/p345/480/320",
    "deal": true
  },
  {
    "id": "p346",
    "title": "Books Product #346",
    "category": "Books",
    "price": 1237,
    "img": "https://picsum.photos/seed/p346/480/320",
    "deal": false
  },
  {
    "id": "p347",
    "title": "Fashion Product #347",
    "category": "Fashion",
    "price": 1647,
    "img": "https://picsum.photos/seed/p347/480/320",
    "deal": false
  },
  {
    "id": "p348",
    "title": "Sports Product #348",
    "category": "Sports",
    "price": 561,
    "img": "https://picsum.photos/seed/p348/480/320",
    "deal": true
  },
  {
    "id": "p349",
    "title": "Beauty Product #349",
    "category": "Beauty",
    "price": 2817,
    "img": "https://picsum.photos/seed/p349/480/320",
    "deal": false
  },
  {
    "id": "p350",
    "title": "Electronics Product #350",
    "category": "Electronics",
    "price": 5098,
    "img": "https://picsum.photos/seed/p350/480/320",
    "deal": false
  },
  {
    "id": "p351",
    "title": "Home & Kitchen Product #351",
    "category": "Home & Kitchen",
    "price": 3442,
    "img": "https://picsum.photos/seed/p351/480/320",
    "deal": false
  },
  {
    "id": "p352",
    "title": "Tools Product #352",
    "category": "Tools",
    "price": 2275,
    "img": "https://picsum.photos/seed/p352/480/320",
    "deal": false
  },
  {
    "id": "p353",
    "title": "Books Product #353",
    "category": "Books",
    "price": 2288,
    "img": "https://picsum.photos/seed/p353/480/320",
    "deal": false
  },
  {
    "id": "p354",
    "title": "Fashion Product #354",
    "category": "Fashion",
    "price": 4355,
    "img": "https://picsum.photos/seed/p354/480/320",
    "deal": false
  },
  {
    "id": "p355",
    "title": "Sports Product #355",
    "category": "Sports",
    "price": 3098,
    "img": "https://picsum.photos/seed/p355/480/320",
    "deal": false
  },
  {
    "id": "p356",
    "title": "Beauty Product #356",
    "category": "Beauty",
    "price": 846,
    "img": "https://picsum.photos/seed/p356/480/320",
    "deal": false
  },
  {
    "id": "p357",
    "title": "Electronics Product #357",
    "category": "Electronics",
    "price": 4599,
    "img": "https://picsum.photos/seed/p357/480/320",
    "deal": false
  },
  {
    "id": "p358",
    "title": "Home & Kitchen Product #358",
    "category": "Home & Kitchen",
    "price": 3495,
    "img": "https://picsum.photos/seed/p358/480/320",
    "deal": false
  },
  {
    "id": "p359",
    "title": "Tools Product #359",
    "category": "Tools",
    "price": 1877,
    "img": "https://picsum.photos/seed/p359/480/320",
    "deal": true
  },
  {
    "id": "p360",
    "title": "Books Product #360",
    "category": "Books",
    "price": 3261,
    "img": "https://picsum.photos/seed/p360/480/320",
    "deal": false
  },
  {
    "id": "p361",
    "title": "Fashion Product #361",
    "category": "Fashion",
    "price": 2133,
    "img": "https://picsum.photos/seed/p361/480/320",
    "deal": true
  },
  {
    "id": "p362",
    "title": "Sports Product #362",
    "category": "Sports",
    "price": 1789,
    "img": "https://picsum.photos/seed/p362/480/320",
    "deal": false
  },
  {
    "id": "p363",
    "title": "Beauty Product #363",
    "category": "Beauty",
    "price": 2778,
    "img": "https://picsum.photos/seed/p363/480/320",
    "deal": false
  },
  {
    "id": "p364",
    "title": "Electronics Product #364",
    "category": "Electronics",
    "price": 4658,
    "img": "https://picsum.photos/seed/p364/480/320",
    "deal": false
  },
  {
    "id": "p365",
    "title": "Home & Kitchen Product #365",
    "category": "Home & Kitchen",
    "price": 2037,
    "img": "https://picsum.photos/seed/p365/480/320",
    "deal": false
  },
  {
    "id": "p366",
    "title": "Tools Product #366",
    "category": "Tools",
    "price": 3217,
    "img": "https://picsum.photos/seed/p366/480/320",
    "deal": false
  },
  {
    "id": "p367",
    "title": "Books Product #367",
    "category": "Books",
    "price": 1582,
    "img": "https://picsum.photos/seed/p367/480/320",
    "deal": false
  },
  {
    "id": "p368",
    "title": "Fashion Product #368",
    "category": "Fashion",
    "price": 2514,
    "img": "https://picsum.photos/seed/p368/480/320",
    "deal": false
  },
  {
    "id": "p369",
    "title": "Sports Product #369",
    "category": "Sports",
    "price": 818,
    "img": "https://picsum.photos/seed/p369/480/320",
    "deal": false
  },
  {
    "id": "p370",
    "title": "Beauty Product #370",
    "category": "Beauty",
    "price": 5067,
    "img": "https://picsum.photos/seed/p370/480/320",
    "deal": false
  },
  {
    "id": "p371",
    "title": "Electronics Product #371",
    "category": "Electronics",
    "price": 4854,
    "img": "https://picsum.photos/seed/p371/480/320",
    "deal": false
  },
  {
    "id": "p372",
    "title": "Home & Kitchen Product #372",
    "category": "Home & Kitchen",
    "price": 1577,
    "img": "https://picsum.photos/seed/p372/480/320",
    "deal": false
  },
  {
    "id": "p373",
    "title": "Tools Product #373",
    "category": "Tools",
    "price": 1377,
    "img": "https://picsum.photos/seed/p373/480/320",
    "deal": false
  },
  {
    "id": "p374",
    "title": "Books Product #374",
    "category": "Books",
    "price": 1024,
    "img": "https://picsum.photos/seed/p374/480/320",
    "deal": false
  },
  {
    "id": "p375",
    "title": "Fashion Product #375",
    "category": "Fashion",
    "price": 1146,
    "img": "https://picsum.photos/seed/p375/480/320",
    "deal": false
  },
  {
    "id": "p376",
    "title": "Sports Product #376",
    "category": "Sports",
    "price": 1701,
    "img": "https://picsum.photos/seed/p376/480/320",
    "deal": false
  },
  {
    "id": "p377",
    "title": "Beauty Product #377",
    "category": "Beauty",
    "price": 303,
    "img": "https://picsum.photos/seed/p377/480/320",
    "deal": false
  },
  {
    "id": "p378",
    "title": "Electronics Product #378",
    "category": "Electronics",
    "price": 1351,
    "img": "https://picsum.photos/seed/p378/480/320",
    "deal": false
  },
  {
    "id": "p379",
    "title": "Home & Kitchen Product #379",
    "category": "Home & Kitchen",
    "price": 1668,
    "img": "https://picsum.photos/seed/p379/480/320",
    "deal": false
  },
  {
    "id": "p380",
    "title": "Tools Product #380",
    "category": "Tools",
    "price": 1331,
    "img": "https://picsum.photos/seed/p380/480/320",
    "deal": false
  },
  {
    "id": "p381",
    "title": "Books Product #381",
    "category": "Books",
    "price": 909,
    "img": "https://picsum.photos/seed/p381/480/320",
    "deal": false
  },
  {
    "id": "p382",
    "title": "Fashion Product #382",
    "category": "Fashion",
    "price": 350,
    "img": "https://picsum.photos/seed/p382/480/320",
    "deal": false
  },
  {
    "id": "p383",
    "title": "Sports Product #383",
    "category": "Sports",
    "price": 4736,
    "img": "https://picsum.photos/seed/p383/480/320",
    "deal": false
  },
  {
    "id": "p384",
    "title": "Beauty Product #384",
    "category": "Beauty",
    "price": 1648,
    "img": "https://picsum.photos/seed/p384/480/320",
    "deal": false
  },
  {
    "id": "p385",
    "title": "Electronics Product #385",
    "category": "Electronics",
    "price": 4036,
    "img": "https://picsum.photos/seed/p385/480/320",
    "deal": false
  },
  {
    "id": "p386",
    "title": "Home & Kitchen Product #386",
    "category": "Home & Kitchen",
    "price": 2065,
    "img": "https://picsum.photos/seed/p386/480/320",
    "deal": true
  },
  {
    "id": "p387",
    "title": "Tools Product #387",
    "category": "Tools",
    "price": 644,
    "img": "https://picsum.photos/seed/p387/480/320",
    "deal": false
  },
  {
    "id": "p388",
    "title": "Books Product #388",
    "category": "Books",
    "price": 4835,
    "img": "https://picsum.photos/seed/p388/480/320",
    "deal": false
  },
  {
    "id": "p389",
    "title": "Fashion Product #389",
    "category": "Fashion",
    "price": 3320,
    "img": "https://picsum.photos/seed/p389/480/320",
    "deal": false
  },
  {
    "id": "p390",
    "title": "Sports Product #390",
    "category": "Sports",
    "price": 4204,
    "img": "https://picsum.photos/seed/p390/480/320",
    "deal": false
  },
  {
    "id": "p391",
    "title": "Beauty Product #391",
    "category": "Beauty",
    "price": 120,
    "img": "https://picsum.photos/seed/p391/480/320",
    "deal": false
  },
  {
    "id": "p392",
    "title": "Electronics Product #392",
    "category": "Electronics",
    "price": 520,
    "img": "https://picsum.photos/seed/p392/480/320",
    "deal": false
  },
  {
    "id": "p393",
    "title": "Home & Kitchen Product #393",
    "category": "Home & Kitchen",
    "price": 2725,
    "img": "https://picsum.photos/seed/p393/480/320",
    "deal": false
  },
  {
    "id": "p394",
    "title": "Tools Product #394",
    "category": "Tools",
    "price": 3111,
    "img": "https://picsum.photos/seed/p394/480/320",
    "deal": false
  },
  {
    "id": "p395",
    "title": "Books Product #395",
    "category": "Books",
    "price": 3877,
    "img": "https://picsum.photos/seed/p395/480/320",
    "deal": false
  },
  {
    "id": "p396",
    "title": "Fashion Product #396",
    "category": "Fashion",
    "price": 650,
    "img": "https://picsum.photos/seed/p396/480/320",
    "deal": false
  },
  {
    "id": "p397",
    "title": "Sports Product #397",
    "category": "Sports",
    "price": 1688,
    "img": "https://picsum.photos/seed/p397/480/320",
    "deal": false
  },
  {
    "id": "p398",
    "title": "Beauty Product #398",
    "category": "Beauty",
    "price": 2392,
    "img": "https://picsum.photos/seed/p398/480/320",
    "deal": false
  },
  {
    "id": "p399",
    "title": "Electronics Product #399",
    "category": "Electronics",
    "price": 4708,
    "img": "https://picsum.photos/seed/p399/480/320",
    "deal": false
  },
  {
    "id": "p400",
    "title": "Home & Kitchen Product #400",
    "category": "Home & Kitchen",
    "price": 4691,
    "img": "https://picsum.photos/seed/p400/480/320",
    "deal": false
  },
  {
    "id": "p401",
    "title": "Tools Product #401",
    "category": "Tools",
    "price": 3708,
    "img": "https://picsum.photos/seed/p401/480/320",
    "deal": false
  },
  {
    "id": "p402",
    "title": "Books Product #402",
    "category": "Books",
    "price": 3431,
    "img": "https://picsum.photos/seed/p402/480/320",
    "deal": false
  },
  {
    "id": "p403",
    "title": "Fashion Product #403",
    "category": "Fashion",
    "price": 1770,
    "img": "https://picsum.photos/seed/p403/480/320",
    "deal": false
  },
  {
    "id": "p404",
    "title": "Sports Product #404",
    "category": "Sports",
    "price": 353,
    "img": "https://picsum.photos/seed/p404/480/320",
    "deal": false
  },
  {
    "id": "p405",
    "title": "Beauty Product #405",
    "category": "Beauty",
    "price": 1807,
    "img": "https://picsum.photos/seed/p405/480/320",
    "deal": false
  },
  {
    "id": "p406",
    "title": "Electronics Product #406",
    "category": "Electronics",
    "price": 905,
    "img": "https://picsum.photos/seed/p406/480/320",
    "deal": false
  },
  {
    "id": "p407",
    "title": "Home & Kitchen Product #407",
    "category": "Home & Kitchen",
    "price": 4278,
    "img": "https://picsum.photos/seed/p407/480/320",
    "deal": false
  },
  {
    "id": "p408",
    "title": "Tools Product #408",
    "category": "Tools",
    "price": 1991,
    "img": "https://picsum.photos/seed/p408/480/320",
    "deal": true
  },
  {
    "id": "p409",
    "title": "Books Product #409",
    "category": "Books",
    "price": 3611,
    "img": "https://picsum.photos/seed/p409/480/320",
    "deal": false
  },
  {
    "id": "p410",
    "title": "Fashion Product #410",
    "category": "Fashion",
    "price": 474,
    "img": "https://picsum.photos/seed/p410/480/320",
    "deal": false
  },
  {
    "id": "p411",
    "title": "Sports Product #411",
    "category": "Sports",
    "price": 2938,
    "img": "https://picsum.photos/seed/p411/480/320",
    "deal": false
  },
  {
    "id": "p412",
    "title": "Beauty Product #412",
    "category": "Beauty",
    "price": 3766,
    "img": "https://picsum.photos/seed/p412/480/320",
    "deal": false
  },
  {
    "id": "p413",
    "title": "Electronics Product #413",
    "category": "Electronics",
    "price": 4851,
    "img": "https://picsum.photos/seed/p413/480/320",
    "deal": false
  },
  {
    "id": "p414",
    "title": "Home & Kitchen Product #414",
    "category": "Home & Kitchen",
    "price": 3888,
    "img": "https://picsum.photos/seed/p414/480/320",
    "deal": false
  },
  {
    "id": "p415",
    "title": "Tools Product #415",
    "category": "Tools",
    "price": 2446,
    "img": "https://picsum.photos/seed/p415/480/320",
    "deal": false
  },
  {
    "id": "p416",
    "title": "Books Product #416",
    "category": "Books",
    "price": 2366,
    "img": "https://picsum.photos/seed/p416/480/320",
    "deal": true
  },
  {
    "id": "p417",
    "title": "Fashion Product #417",
    "category": "Fashion",
    "price": 3673,
    "img": "https://picsum.photos/seed/p417/480/320",
    "deal": false
  },
  {
    "id": "p418",
    "title": "Sports Product #418",
    "category": "Sports",
    "price": 1744,
    "img": "https://picsum.photos/seed/p418/480/320",
    "deal": false
  },
  {
    "id": "p419",
    "title": "Beauty Product #419",
    "category": "Beauty",
    "price": 3365,
    "img": "https://picsum.photos/seed/p419/480/320",
    "deal": false
  },
  {
    "id": "p420",
    "title": "Electronics Product #420",
    "category": "Electronics",
    "price": 3978,
    "img": "https://picsum.photos/seed/p420/480/320",
    "deal": false
  },
  {
    "id": "p421",
    "title": "Home & Kitchen Product #421",
    "category": "Home & Kitchen",
    "price": 713,
    "img": "https://picsum.photos/seed/p421/480/320",
    "deal": false
  },
  {
    "id": "p422",
    "title": "Tools Product #422",
    "category": "Tools",
    "price": 3968,
    "img": "https://picsum.photos/seed/p422/480/320",
    "deal": true
  },
  {
    "id": "p423",
    "title": "Books Product #423",
    "category": "Books",
    "price": 4910,
    "img": "https://picsum.photos/seed/p423/480/320",
    "deal": false
  },
  {
    "id": "p424",
    "title": "Fashion Product #424",
    "category": "Fashion",
    "price": 265,
    "img": "https://picsum.photos/seed/p424/480/320",
    "deal": false
  },
  {
    "id": "p425",
    "title": "Sports Product #425",
    "category": "Sports",
    "price": 2173,
    "img": "https://picsum.photos/seed/p425/480/320",
    "deal": false
  },
  {
    "id": "p426",
    "title": "Beauty Product #426",
    "category": "Beauty",
    "price": 304,
    "img": "https://picsum.photos/seed/p426/480/320",
    "deal": false
  },
  {
    "id": "p427",
    "title": "Electronics Product #427",
    "category": "Electronics",
    "price": 5003,
    "img": "https://picsum.photos/seed/p427/480/320",
    "deal": false
  },
  {
    "id": "p428",
    "title": "Home & Kitchen Product #428",
    "category": "Home & Kitchen",
    "price": 3340,
    "img": "https://picsum.photos/seed/p428/480/320",
    "deal": false
  },
  {
    "id": "p429",
    "title": "Tools Product #429",
    "category": "Tools",
    "price": 1637,
    "img": "https://picsum.photos/seed/p429/480/320",
    "deal": false
  },
  {
    "id": "p430",
    "title": "Books Product #430",
    "category": "Books",
    "price": 5012,
    "img": "https://picsum.photos/seed/p430/480/320",
    "deal": false
  },
  {
    "id": "p431",
    "title": "Fashion Product #431",
    "category": "Fashion",
    "price": 2232,
    "img": "https://picsum.photos/seed/p431/480/320",
    "deal": false
  },
  {
    "id": "p432",
    "title": "Sports Product #432",
    "category": "Sports",
    "price": 4032,
    "img": "https://picsum.photos/seed/p432/480/320",
    "deal": false
  },
  {
    "id": "p433",
    "title": "Beauty Product #433",
    "category": "Beauty",
    "price": 1382,
    "img": "https://picsum.photos/seed/p433/480/320",
    "deal": false
  },
  {
    "id": "p434",
    "title": "Electronics Product #434",
    "category": "Electronics",
    "price": 2664,
    "img": "https://picsum.photos/seed/p434/480/320",
    "deal": false
  },
  {
    "id": "p435",
    "title": "Home & Kitchen Product #435",
    "category": "Home & Kitchen",
    "price": 4206,
    "img": "https://picsum.photos/seed/p435/480/320",
    "deal": false
  },
  {
    "id": "p436",
    "title": "Tools Product #436",
    "category": "Tools",
    "price": 4105,
    "img": "https://picsum.photos/seed/p436/480/320",
    "deal": false
  },
  {
    "id": "p437",
    "title": "Books Product #437",
    "category": "Books",
    "price": 1288,
    "img": "https://picsum.photos/seed/p437/480/320",
    "deal": false
  },
  {
    "id": "p438",
    "title": "Fashion Product #438",
    "category": "Fashion",
    "price": 284,
    "img": "https://picsum.photos/seed/p438/480/320",
    "deal": false
  },
  {
    "id": "p439",
    "title": "Sports Product #439",
    "category": "Sports",
    "price": 3537,
    "img": "https://picsum.photos/seed/p439/480/320",
    "deal": false
  },
  {
    "id": "p440",
    "title": "Beauty Product #440",
    "category": "Beauty",
    "price": 4696,
    "img": "https://picsum.photos/seed/p440/480/320",
    "deal": false
  },
  {
    "id": "p441",
    "title": "Electronics Product #441",
    "category": "Electronics",
    "price": 930,
    "img": "https://picsum.photos/seed/p441/480/320",
    "deal": false
  },
  {
    "id": "p442",
    "title": "Home & Kitchen Product #442",
    "category": "Home & Kitchen",
    "price": 4662,
    "img": "https://picsum.photos/seed/p442/480/320",
    "deal": false
  },
  {
    "id": "p443",
    "title": "Tools Product #443",
    "category": "Tools",
    "price": 126,
    "img": "https://picsum.photos/seed/p443/480/320",
    "deal": false
  },
  {
    "id": "p444",
    "title": "Books Product #444",
    "category": "Books",
    "price": 3993,
    "img": "https://picsum.photos/seed/p444/480/320",
    "deal": false
  },
  {
    "id": "p445",
    "title": "Fashion Product #445",
    "category": "Fashion",
    "price": 1049,
    "img": "https://picsum.photos/seed/p445/480/320",
    "deal": true
  },
  {
    "id": "p446",
    "title": "Sports Product #446",
    "category": "Sports",
    "price": 2879,
    "img": "https://picsum.photos/seed/p446/480/320",
    "deal": false
  },
  {
    "id": "p447",
    "title": "Beauty Product #447",
    "category": "Beauty",
    "price": 1459,
    "img": "https://picsum.photos/seed/p447/480/320",
    "deal": false
  },
  {
    "id": "p448",
    "title": "Electronics Product #448",
    "category": "Electronics",
    "price": 1229,
    "img": "https://picsum.photos/seed/p448/480/320",
    "deal": false
  },
  {
    "id": "p449",
    "title": "Home & Kitchen Product #449",
    "category": "Home & Kitchen",
    "price": 4468,
    "img": "https://picsum.photos/seed/p449/480/320",
    "deal": false
  },
  {
    "id": "p450",
    "title": "Tools Product #450",
    "category": "Tools",
    "price": 2792,
    "img": "https://picsum.photos/seed/p450/480/320",
    "deal": false
  },
  {
    "id": "p451",
    "title": "Books Product #451",
    "category": "Books",
    "price": 3682,
    "img": "https://picsum.photos/seed/p451/480/320",
    "deal": false
  },
  {
    "id": "p452",
    "title": "Fashion Product #452",
    "category": "Fashion",
    "price": 2113,
    "img": "https://picsum.photos/seed/p452/480/320",
    "deal": false
  },
  {
    "id": "p453",
    "title": "Sports Product #453",
    "category": "Sports",
    "price": 1926,
    "img": "https://picsum.photos/seed/p453/480/320",
    "deal": false
  },
  {
    "id": "p454",
    "title": "Beauty Product #454",
    "category": "Beauty",
    "price": 2316,
    "img": "https://picsum.photos/seed/p454/480/320",
    "deal": false
  },
  {
    "id": "p455",
    "title": "Electronics Product #455",
    "category": "Electronics",
    "price": 1957,
    "img": "https://picsum.photos/seed/p455/480/320",
    "deal": false
  },
  {
    "id": "p456",
    "title": "Home & Kitchen Product #456",
    "category": "Home & Kitchen",
    "price": 3750,
    "img": "https://picsum.photos/seed/p456/480/320",
    "deal": false
  },
  {
    "id": "p457",
    "title": "Tools Product #457",
    "category": "Tools",
    "price": 4455,
    "img": "https://picsum.photos/seed/p457/480/320",
    "deal": false
  },
  {
    "id": "p458",
    "title": "Books Product #458",
    "category": "Books",
    "price": 2714,
    "img": "https://picsum.photos/seed/p458/480/320",
    "deal": false
  },
  {
    "id": "p459",
    "title": "Fashion Product #459",
    "category": "Fashion",
    "price": 3058,
    "img": "https://picsum.photos/seed/p459/480/320",
    "deal": false
  },
  {
    "id": "p460",
    "title": "Sports Product #460",
    "category": "Sports",
    "price": 4044,
    "img": "https://picsum.photos/seed/p460/480/320",
    "deal": false
  },
  {
    "id": "p461",
    "title": "Beauty Product #461",
    "category": "Beauty",
    "price": 4087,
    "img": "https://picsum.photos/seed/p461/480/320",
    "deal": false
  },
  {
    "id": "p462",
    "title": "Electronics Product #462",
    "category": "Electronics",
    "price": 1482,
    "img": "https://picsum.photos/seed/p462/480/320",
    "deal": false
  },
  {
    "id": "p463",
    "title": "Home & Kitchen Product #463",
    "category": "Home & Kitchen",
    "price": 3617,
    "img": "https://picsum.photos/seed/p463/480/320",
    "deal": false
  },
  {
    "id": "p464",
    "title": "Tools Product #464",
    "category": "Tools",
    "price": 177,
    "img": "https://picsum.photos/seed/p464/480/320",
    "deal": false
  },
  {
    "id": "p465",
    "title": "Books Product #465",
    "category": "Books",
    "price": 607,
    "img": "https://picsum.photos/seed/p465/480/320",
    "deal": false
  },
  {
    "id": "p466",
    "title": "Fashion Product #466",
    "category": "Fashion",
    "price": 4364,
    "img": "https://picsum.photos/seed/p466/480/320",
    "deal": false
  },
  {
    "id": "p467",
    "title": "Sports Product #467",
    "category": "Sports",
    "price": 2811,
    "img": "https://picsum.photos/seed/p467/480/320",
    "deal": false
  },
  {
    "id": "p468",
    "title": "Beauty Product #468",
    "category": "Beauty",
    "price": 1529,
    "img": "https://picsum.photos/seed/p468/480/320",
    "deal": false
  },
  {
    "id": "p469",
    "title": "Electronics Product #469",
    "category": "Electronics",
    "price": 2956,
    "img": "https://picsum.photos/seed/p469/480/320",
    "deal": false
  },
  {
    "id": "p470",
    "title": "Home & Kitchen Product #470",
    "category": "Home & Kitchen",
    "price": 1547,
    "img": "https://picsum.photos/seed/p470/480/320",
    "deal": true
  },
  {
    "id": "p471",
    "title": "Tools Product #471",
    "category": "Tools",
    "price": 3038,
    "img": "https://picsum.photos/seed/p471/480/320",
    "deal": false
  },
  {
    "id": "p472",
    "title": "Books Product #472",
    "category": "Books",
    "price": 978,
    "img": "https://picsum.photos/seed/p472/480/320",
    "deal": true
  },
  {
    "id": "p473",
    "title": "Fashion Product #473",
    "category": "Fashion",
    "price": 3778,
    "img": "https://picsum.photos/seed/p473/480/320",
    "deal": false
  },
  {
    "id": "p474",
    "title": "Sports Product #474",
    "category": "Sports",
    "price": 2336,
    "img": "https://picsum.photos/seed/p474/480/320",
    "deal": false
  },
  {
    "id": "p475",
    "title": "Beauty Product #475",
    "category": "Beauty",
    "price": 1100,
    "img": "https://picsum.photos/seed/p475/480/320",
    "deal": true
  },
  {
    "id": "p476",
    "title": "Electronics Product #476",
    "category": "Electronics",
    "price": 3889,
    "img": "https://picsum.photos/seed/p476/480/320",
    "deal": false
  },
  {
    "id": "p477",
    "title": "Home & Kitchen Product #477",
    "category": "Home & Kitchen",
    "price": 1889,
    "img": "https://picsum.photos/seed/p477/480/320",
    "deal": false
  },
  {
    "id": "p478",
    "title": "Tools Product #478",
    "category": "Tools",
    "price": 2667,
    "img": "https://picsum.photos/seed/p478/480/320",
    "deal": false
  },
  {
    "id": "p479",
    "title": "Books Product #479",
    "category": "Books",
    "price": 4843,
    "img": "https://picsum.photos/seed/p479/480/320",
    "deal": true
  },
  {
    "id": "p480",
    "title": "Fashion Product #480",
    "category": "Fashion",
    "price": 931,
    "img": "https://picsum.photos/seed/p480/480/320",
    "deal": false
  },
  {
    "id": "p481",
    "title": "Sports Product #481",
    "category": "Sports",
    "price": 234,
    "img": "https://picsum.photos/seed/p481/480/320",
    "deal": false
  },
  {
    "id": "p482",
    "title": "Beauty Product #482",
    "category": "Beauty",
    "price": 3663,
    "img": "https://picsum.photos/seed/p482/480/320",
    "deal": false
  },
  {
    "id": "p483",
    "title": "Electronics Product #483",
    "category": "Electronics",
    "price": 778,
    "img": "https://picsum.photos/seed/p483/480/320",
    "deal": false
  },
  {
    "id": "p484",
    "title": "Home & Kitchen Product #484",
    "category": "Home & Kitchen",
    "price": 4891,
    "img": "https://picsum.photos/seed/p484/480/320",
    "deal": true
  },
  {
    "id": "p485",
    "title": "Tools Product #485",
    "category": "Tools",
    "price": 1626,
    "img": "https://picsum.photos/seed/p485/480/320",
    "deal": true
  },
  {
    "id": "p486",
    "title": "Books Product #486",
    "category": "Books",
    "price": 357,
    "img": "https://picsum.photos/seed/p486/480/320",
    "deal": false
  },
  {
    "id": "p487",
    "title": "Fashion Product #487",
    "category": "Fashion",
    "price": 3918,
    "img": "https://picsum.photos/seed/p487/480/320",
    "deal": false
  },
  {
    "id": "p488",
    "title": "Sports Product #488",
    "category": "Sports",
    "price": 4274,
    "img": "https://picsum.photos/seed/p488/480/320",
    "deal": false
  },
  {
    "id": "p489",
    "title": "Beauty Product #489",
    "category": "Beauty",
    "price": 714,
    "img": "https://picsum.photos/seed/p489/480/320",
    "deal": false
  },
  {
    "id": "p490",
    "title": "Electronics Product #490",
    "category": "Electronics",
    "price": 4209,
    "img": "https://picsum.photos/seed/p490/480/320",
    "deal": false
  },
  {
    "id": "p491",
    "title": "Home & Kitchen Product #491",
    "category": "Home & Kitchen",
    "price": 4912,
    "img": "https://picsum.photos/seed/p491/480/320",
    "deal": false
  },
  {
    "id": "p492",
    "title": "Tools Product #492",
    "category": "Tools",
    "price": 3595,
    "img": "https://picsum.photos/seed/p492/480/320",
    "deal": false
  },
  {
    "id": "p493",
    "title": "Books Product #493",
    "category": "Books",
    "price": 1296,
    "img": "https://picsum.photos/seed/p493/480/320",
    "deal": false
  },
  {
    "id": "p494",
    "title": "Fashion Product #494",
    "category": "Fashion",
    "price": 4437,
    "img": "https://picsum.photos/seed/p494/480/320",
    "deal": true
  },
  {
    "id": "p495",
    "title": "Sports Product #495",
    "category": "Sports",
    "price": 707,
    "img": "https://picsum.photos/seed/p495/480/320",
    "deal": true
  },
  {
    "id": "p496",
    "title": "Beauty Product #496",
    "category": "Beauty",
    "price": 2511,
    "img": "https://picsum.photos/seed/p496/480/320",
    "deal": false
  },
  {
    "id": "p497",
    "title": "Electronics Product #497",
    "category": "Electronics",
    "price": 4455,
    "img": "https://picsum.photos/seed/p497/480/320",
    "deal": false
  },
  {
    "id": "p498",
    "title": "Home & Kitchen Product #498",
    "category": "Home & Kitchen",
    "price": 2597,
    "img": "https://picsum.photos/seed/p498/480/320",
    "deal": false
  },
  {
    "id": "p499",
    "title": "Tools Product #499",
    "category": "Tools",
    "price": 4238,
    "img": "https://picsum.photos/seed/p499/480/320",
    "deal": false
  },
  {
    "id": "p500",
    "title": "Books Product #500",
    "category": "Books",
    "price": 1355,
    "img": "https://picsum.photos/seed/p500/480/320",
    "deal": false
  }
]